City_ID,City,Lat,Lng,Max Temp,Humidity,Cloudiness,Wind Speed,Country,Date
0,al qaryatayn,34.2296,37.2407,16.53,48,100,4.9,SY,1712608012
1,polyarnyy,69.1989,33.4478,-3.72,93,100,6.86,RU,1712607920
2,invercargill,-46.4,168.35,16.12,74,100,2.68,NZ,1712607776
3,melekeok village,7.4957,134.6367,27.43,76,97,5.67,PW,1712608012
4,port-aux-francais,-49.35,70.2167,7.54,83,79,15.2,TF,1712607925
5,saldanha,-33.0117,17.9442,16.03,90,95,10.82,ZA,1712607942
6,albany,42.6001,-73.9662,17.67,34,100,0.45,US,1712607583
7,n'zeto,-7.2312,12.8666,26.26,85,100,1.9,AO,1712608012
8,waitangi,-43.9535,-176.5597,14.34,89,100,2.68,NZ,1712607913
9,adamstown,-25.066,-130.1015,23.78,84,73,2.62,PN,1712607922
10,hawaiian paradise park,19.5933,-154.9731,21.69,96,100,4.12,US,1712608012
11,sambava,-14.2667,50.1667,25.49,88,12,5.14,MG,1712608012
12,port blair,11.6667,92.75,26.81,79,40,2.18,IN,1712607714
13,flying fish cove,-10.4217,105.6791,26.82,78,75,4.12,CX,1712608013
14,udachny,66.4167,112.4,-12.53,81,100,4.4,RU,1712607858
15,forster,-32.1667,152.5167,14.6,100,100,2.22,AU,1712608013
16,tiksi,71.6872,128.8694,-9.75,83,100,9.69,RU,1712607914
17,kodiak,57.79,-152.4072,3.73,60,0,6.17,US,1712608013
18,namanga,-2.5433,36.7905,20.18,87,100,1.46,KE,1712608013
19,avarua,-21.2078,-159.775,26.03,89,75,5.14,CK,1712608013
20,manta,-0.95,-80.7333,31.88,65,40,5.66,EC,1712607379
21,petropavlovsk-kamchatsky,53.0452,158.6483,2.47,82,75,1.0,RU,1712608013
22,iqaluit,63.7506,-68.5145,-12.15,66,20,6.17,CA,1712607927
23,ponta delgada,37.7333,-25.6667,18.44,94,75,3.6,PT,1712608014
24,plouzane,48.3833,-4.6167,8.27,79,100,11.32,FR,1712608014
25,haradok,55.4624,29.9816,13.23,90,100,1.91,BY,1712608014
26,minas de marcona,-15.2119,-75.1103,21.98,62,17,6.78,PE,1712607777
27,hasaki,35.7333,140.8333,17.94,98,100,9.77,JP,1712608014
28,enewetak,11.3474,162.3373,27.4,78,100,8.88,MH,1712607715
29,isafjordur,66.0755,-23.124,-3.54,89,96,9.46,IS,1712607992
30,bhimunipatnam,17.8833,83.4333,25.93,70,1,1.59,IN,1712608014
31,tynda,55.1667,124.7167,-20.11,100,75,0.5,RU,1712608014
32,blackmans bay,-43.0167,147.3167,5.85,86,7,0.45,AU,1712607917
33,ribeira grande,38.5167,-28.7,17.22,94,40,5.36,PT,1712608015
34,hamilton,39.1834,-84.5333,25.68,48,51,1.79,US,1712607763
35,vrangel',42.7297,133.0839,0.15,34,2,4.75,RU,1712607934
36,yellowknife,62.456,-114.3525,4.12,77,75,5.14,CA,1712607914
37,ushuaia,-54.8,-68.3,3.81,65,40,6.69,AR,1712607929
38,fale old settlement,-9.3852,-171.2468,29.89,76,100,5.9,TK,1712608015
39,mil'kovo,55.6078,37.7956,14.08,73,100,2.12,RU,1712608015
40,bihac,44.8169,15.8708,16.7,78,100,2.67,BA,1712608015
41,rosarito,32.3333,-117.0333,19.74,57,0,5.57,MX,1712607885
42,sydney,-33.8679,151.2073,16.61,89,75,2.57,AU,1712607873
43,dwarka,22.2394,68.9678,25.74,75,0,7.13,IN,1712608016
44,dunedin,-45.8742,170.5036,14.33,86,10,0.45,NZ,1712607943
45,arica,-18.475,-70.3042,26.75,57,0,5.14,CL,1712608012
46,margaret river,-33.95,115.0667,12.15,76,0,5.46,AU,1712607916
47,grytviken,-54.2811,-36.5092,1.59,87,65,3.33,GS,1712607919
48,ardanuc,41.1274,42.0629,11.67,90,66,2.35,TR,1712608016
49,gadani,25.1185,66.7299,25.12,74,100,1.74,PK,1712608016
50,leh,34.1667,77.5833,-14.84,47,1,2.99,IN,1712608016
51,greymouth,-42.4667,171.2,11.32,86,100,2.99,NZ,1712608016
52,parauapebas,-6.0675,-49.9022,30.99,69,20,2.06,BR,1712608016
53,olonkinbyen,70.9221,-8.7187,-3.4,66,90,8.66,SJ,1712607941
54,montehermoso,40.0437,-6.3389,9.36,67,2,5.11,ES,1712608017
55,kilindoni,-7.9139,39.6668,27.1,80,99,3.46,TZ,1712607926
56,quellon,-43.1167,-73.6167,10.43,59,27,5.87,CL,1712608017
57,buka,40.8108,69.1986,16.06,59,100,3.31,UZ,1712608017
58,nelson bay,-32.7167,152.15,17.78,90,100,2.68,AU,1712608017
59,bethel,41.3712,-73.414,17.78,26,0,3.09,US,1712607924
60,edinburgh of the seven seas,-37.0676,-12.3116,18.75,91,100,10.71,SH,1712607936
61,luderitz,-26.6481,15.1594,15.98,90,52,1.75,NA,1712608017
62,iskateley,67.6803,53.1512,-18.88,100,81,2.24,RU,1712608017
63,shingu,33.7333,135.9833,18.67,99,100,5.6,JP,1712607740
64,ust-nera,64.5667,143.2,-16.08,98,99,1.49,RU,1712607931
65,puerto natales,-51.7236,-72.4875,4.25,70,75,8.75,CL,1712607597
66,lucapa,-8.4192,20.7447,20.29,95,99,1.18,AO,1712608018
67,longyearbyen,78.2186,15.6401,-15.09,72,75,2.57,SJ,1712607773
68,tsiombe,-25.3,45.4833,21.6,73,100,6.06,MG,1712607929
69,moyynkum,44.2914,72.9469,15.92,63,97,2.75,KZ,1712608018
70,yuzhno-kurilsk,44.0306,145.8556,6.32,97,100,1.63,RU,1712608018
71,shar'ya,58.3686,45.5144,5.55,91,5,4.92,RU,1712608018
72,nueva villa de padilla,24.0167,-98.7833,31.61,26,9,7.86,MX,1712608019
73,afaahiti,-17.75,-149.2833,29.93,83,83,5.9,PF,1712607933
74,coquimbo,-29.9533,-71.3436,15.85,82,100,4.12,CL,1712607725
75,gebeit,21.0667,36.3167,21.21,25,32,2.36,SD,1712608019
76,mohr,54.3528,9.7167,13.08,85,87,0.45,DE,1712608019
77,cidreira,-30.1811,-50.2056,23.74,81,90,1.43,BR,1712607954
78,saint-philippe,-21.3585,55.7679,23.77,83,75,2.15,RE,1712608019
79,ilulissat,69.2167,-51.1,-5.99,63,20,3.09,GL,1712607970
80,st. john's,47.5649,-52.7093,-0.02,93,100,10.28,CA,1712607958
81,manokwari,-0.8667,134.0833,25.56,85,100,0.79,ID,1712608019
82,cabo san lucas,22.8909,-109.9124,24.61,67,75,1.79,MX,1712607941
83,fiambala,-27.6871,-67.6149,30.52,19,0,6.62,AR,1712608020
84,eirunepe,-6.6603,-69.8736,31.46,61,100,0.82,BR,1712607798
85,kruisfontein,-34.0033,24.7314,17.16,96,93,3.53,ZA,1712608020
86,posto fiscal rolim de moura,-13.0833,-62.2667,28.74,80,75,0.96,BR,1712608020
87,tilcara,-23.5776,-65.3509,19.63,33,0,1.15,AR,1712608020
88,kuala belait,4.5833,114.1833,25.09,91,85,0.88,BN,1712608020
89,bedford,52.1346,-0.4663,13.21,53,100,0.45,GB,1712607900
90,bilibino,68.0546,166.4372,-19.96,97,82,1.14,RU,1712607937
91,moapa valley,36.5805,-114.4703,22.53,15,5,8.1,US,1712608002
92,griffith,41.5284,-87.4237,22.25,51,0,5.14,US,1712607878
93,al hoceima,35.2433,-3.9309,18.57,59,40,2.06,MA,1712608021
94,tazovsky,67.4667,78.7,-17.48,94,33,4.57,RU,1712608008
95,nar'yan-mar,67.6713,53.087,-18.83,100,78,2.24,RU,1712607723
96,luganville,-15.5333,167.1667,26.38,79,99,1.85,VU,1712608021
97,puerto ayora,-0.7393,-90.3518,31.98,78,24,3.99,EC,1712607678
98,wynyard,-41.0,145.7167,8.28,77,4,3.03,AU,1712608021
99,west island,-12.1568,96.8225,27.99,74,40,4.12,CC,1712608021
100,tome acu,-2.4189,-48.1522,27.39,92,100,1.36,BR,1712608021
101,aasiaat,68.7098,-52.8699,-6.24,86,95,1.86,GL,1712607914
102,ilhabela,-23.7781,-45.3581,24.47,89,100,2.35,BR,1712608021
103,aykhal,66.0,111.5,-12.48,83,72,6.01,RU,1712607745
104,meulaboh,4.1363,96.1285,25.29,92,84,2.73,ID,1712608022
105,ilebo,-4.3167,20.5833,22.78,94,81,0.61,CD,1712608022
106,ta`u,-14.2336,-169.5144,29.52,78,33,6.46,AS,1712608022
107,queenstown,-31.8976,26.8753,13.49,95,65,1.38,ZA,1712608022
108,bardai,11.65,7.2333,30.61,10,100,3.88,NG,1712608022
109,atafu village,-8.5421,-172.5159,29.38,76,97,5.09,TK,1712608022
110,aripuana,-9.1667,-60.6333,27.26,86,100,0.79,BR,1712608022
111,wewak,-3.5534,143.6268,25.13,94,100,1.68,PG,1712608022
112,georgetown,5.4112,100.3354,27.96,88,20,2.06,MY,1712607735
113,thinadhoo,0.5333,72.9333,29.03,72,89,1.94,MV,1712608023
114,constantia,44.1833,28.65,12.61,70,3,2.53,RO,1712608023
115,lompoc,34.6391,-120.4579,23.21,60,0,7.72,US,1712607801
116,antofagasta,-23.65,-70.4,19.6,79,9,3.52,CL,1712608005
117,kavaratti,10.5669,72.642,29.42,63,1,1.61,IN,1712608023
118,east ballina,-28.8667,153.5833,18.78,93,29,3.27,AU,1712608023
119,portage la prairie,49.9728,-98.2926,10.05,62,100,3.09,CA,1712608023
120,wailua homesteads,22.0669,-159.378,25.24,72,40,6.17,US,1712607946
121,port erin,54.0849,-4.751,9.93,93,100,3.09,IM,1712608024
122,bredasdorp,-34.5322,20.0403,15.88,95,100,7.31,ZA,1712608024
123,ballina,-28.8667,153.5667,18.77,93,29,3.27,AU,1712608024
124,ciudad lazaro cardenas,17.9583,-102.2,28.03,56,9,4.85,MX,1712607757
125,dili,-8.5586,125.5736,27.35,79,67,1.38,TL,1712608024
126,port mathurin,-19.6833,63.4167,26.78,81,21,4.63,MU,1712607928
127,gamba,-2.65,10.0,26.12,87,100,2.7,GA,1712608024
128,jiayuguan,39.8167,98.3,9.58,19,100,4.34,CN,1712608024
129,leo,11.1,-2.1,34.52,30,100,1.67,BF,1712608024
130,thompson,55.7435,-97.8558,16.09,13,20,2.57,CA,1712608025
131,guerrero negro,27.9769,-114.0611,16.21,57,100,9.95,MX,1712608025
132,kapuskasing,49.4169,-82.4331,13.05,33,75,7.72,CA,1712607936
133,stanley,54.868,-1.6985,10.77,87,20,0.0,GB,1712607812
134,lukolela,-1.0605,17.1821,22.89,95,100,1.58,CD,1712608025
135,college,64.8569,-147.8028,1.36,69,40,2.06,US,1712607951
136,lebu,-37.6167,-73.65,14.26,90,92,6.55,CL,1712607955
137,badger,64.8,-147.5333,1.31,76,75,2.06,US,1712608025
138,aswan,24.0934,32.907,23.32,21,0,3.72,EG,1712608025
139,la sarre,48.8002,-79.1996,10.34,64,100,1.0,CA,1712607982
140,palmer,42.1584,-72.3287,18.04,27,75,2.06,US,1712608026
141,astrakhan,46.3497,48.0408,8.93,93,0,2.0,RU,1712608026
142,arteche,12.2645,125.4048,25.07,90,27,2.14,PH,1712608026
143,mizque,-17.941,-65.3402,24.78,54,100,3.75,BO,1712608026
144,greenville,35.6127,-77.3663,23.4,33,0,4.12,US,1712607956
145,keelung,25.1283,121.7419,18.3,87,100,4.49,TW,1712608002
146,saipan,15.1355,145.701,27.39,78,40,6.17,MP,1712607977
147,xique xique,-10.8217,-42.7311,28.04,63,100,3.73,BR,1712608026
148,franceville,-1.6333,13.5836,22.15,97,100,0.62,GA,1712608027
149,cururupu,-1.8283,-44.8683,27.73,82,100,1.71,BR,1712607733
150,saurimo,-9.6608,20.3916,19.81,96,100,1.74,AO,1712608027
151,fort bragg,35.139,-79.006,23.79,40,0,4.63,US,1712608027
152,khilok,51.3674,110.4676,-1.49,96,100,1.52,RU,1712608027
153,crane,31.3974,-102.3501,29.26,8,14,4.37,US,1712607951
154,gaigeturi,33.4644,126.3183,10.03,71,0,2.06,KR,1712608027
155,annaba,36.9,7.7667,18.98,63,0,2.06,DZ,1712608028
156,kerikeri,-35.2268,173.9474,16.62,94,100,2.25,NZ,1712608028
157,talnakh,69.4865,88.3972,-7.66,95,100,3.5,RU,1712608028
158,kingston,17.997,-76.7936,32.87,59,20,8.23,JM,1712607814
159,vila franca do campo,37.7167,-25.4333,18.27,99,100,2.29,PT,1712607784
160,geisenfeld,48.6833,11.6167,19.49,59,36,3.76,DE,1712608028
161,bac lieu,9.285,105.7244,27.9,79,51,3.39,VN,1712608028
162,vernon,50.2581,-119.2691,10.42,56,100,2.68,CA,1712607967
163,lakatoro,-16.0999,167.4164,25.69,84,86,3.29,VU,1712608029
164,petoskey,45.3733,-84.9553,19.79,49,75,2.06,US,1712607848
165,jamestown,42.097,-79.2353,17.79,37,100,2.68,US,1712607905
166,utrik,11.2278,169.8474,26.66,84,100,10.25,MH,1712607994
167,callao,-12.0667,-77.15,26.16,65,0,5.14,PE,1712608029
168,lazaro cardenas,17.9583,-102.2,28.03,56,9,4.85,MX,1712607757
169,neftekamsk,56.092,54.2703,4.6,98,100,4.47,RU,1712608029
170,saint-joseph,-21.3667,55.6167,23.21,81,71,1.68,RE,1712608029
171,cova figueira,14.8905,-24.2934,16.88,77,1,7.76,CV,1712608029
172,honefoss,60.168,10.2565,7.84,100,100,0.51,NO,1712607893
173,shimoda,34.6667,138.95,16.72,97,100,9.16,JP,1712608029
174,helena valley west central,46.6629,-112.0604,8.97,46,100,8.23,US,1712608030
175,anadyr,64.75,177.4833,-15.72,85,0,6.0,RU,1712607949
176,begamganj,23.6,78.3333,27.02,41,77,3.62,IN,1712608030
177,puerto baquerizo moreno,-0.9,-89.6,30.55,70,20,6.17,EC,1712608030
178,sabang,5.8933,95.3214,28.36,78,84,1.82,ID,1712608030
179,zubtsov,56.1753,34.5894,11.98,91,100,2.0,RU,1712608030
180,argo,37.6333,22.7333,14.05,40,0,3.02,GR,1712608030
181,dudinka,69.4058,86.1778,-7.4,96,100,5.81,RU,1712607962
182,punta arenas,-53.15,-70.9167,5.01,70,40,9.26,CL,1712607719
183,zdvinsk,54.7021,78.661,7.55,91,100,3.3,RU,1712608031
184,launceston,-41.45,147.1667,5.08,87,6,1.03,AU,1712608031
185,altar,30.7,-111.8167,20.43,24,1,7.26,MX,1712608031
186,hammerfest,70.6634,23.6821,-1.75,86,75,3.09,NO,1712608031
187,ji'an,27.1172,114.9793,15.51,94,97,0.98,CN,1712608031
188,meadow lake,34.8014,-106.5436,17.26,17,100,6.54,US,1712608031
189,shenjiamen,29.9576,122.298,11.04,89,100,4.69,CN,1712608031
190,port elizabeth,-33.918,25.5701,18.39,97,77,3.58,ZA,1712608031
191,evanston,42.0411,-87.6901,21.45,43,20,5.66,US,1712607840
192,okhotsk,59.3833,143.3,-2.58,97,100,2.24,RU,1712607786
193,lerwick,60.1545,-1.1494,8.0,79,100,7.26,GB,1712608032
194,praia da vitoria,38.7333,-27.0667,17.64,94,40,4.89,PT,1712607773
195,mineros,-17.1167,-63.2333,28.64,71,100,1.58,BO,1712608032
196,itoman,26.1247,127.6694,22.43,88,100,7.2,JP,1712607995
197,dunda,-8.1167,34.25,19.35,97,100,0.97,TZ,1712608032
198,shizukuishi,39.6833,140.9833,13.6,100,100,1.94,JP,1712608032
199,bogdanci,41.2031,22.5756,11.54,72,1,1.51,MK,1712608032
200,taoudenni,22.6783,-3.9836,34.25,14,3,4.81,ML,1712608032
201,nago,26.5881,127.9761,22.47,88,63,5.13,JP,1712608032
202,midvagur,62.0511,-7.1939,6.46,100,100,8.23,FO,1712608033
203,whitehorse,60.7161,-135.0538,3.9,44,75,6.71,CA,1712608033
204,sinabang,2.4803,96.3801,26.5,88,100,3.35,ID,1712608033
205,caleta de carquin,-11.0925,-77.6267,24.14,77,58,4.25,PE,1712608033
206,mmabatho,-25.85,25.6333,16.82,90,67,7.03,ZA,1712608033
207,ryotsu-minato,38.0833,138.4333,10.41,85,100,6.27,JP,1712607780
208,barcelos,41.5388,-8.6151,10.51,73,6,3.09,PT,1712607799
209,chissamba,-12.1667,17.3333,17.97,93,100,1.35,AO,1712608034
210,hermanus,-34.4187,19.2345,15.45,91,100,6.65,ZA,1712607931
211,mogok,22.9167,96.5,19.42,48,3,0.14,MM,1712608034
212,qaqortoq,60.7167,-46.0333,-2.05,96,100,3.03,GL,1712607942
213,shahrud,36.4182,54.9763,12.6,60,83,4.77,IR,1712608034
214,kijang,35.2442,129.2139,12.85,75,100,8.09,KR,1712608034
215,forbes,-33.3833,148.0167,13.29,64,100,2.28,AU,1712608034
216,dan sadau,11.2962,6.4952,32.78,12,100,1.45,NG,1712608035
217,pacasmayo,-7.4006,-79.5714,24.52,75,36,5.65,PE,1712608035
218,cooper's town,26.8667,-77.5167,21.45,59,43,7.27,BS,1712608035
219,turpan,42.9333,89.1667,17.39,21,8,1.4,CN,1712608035
220,nuku'alofa,-21.1333,-175.2,27.19,83,75,6.17,TO,1712608035
221,holualoa,19.6228,-155.9522,24.2,78,75,3.6,US,1712608035
222,nizhnevartovsk,60.9344,76.5531,-0.99,100,100,2.0,RU,1712607755
223,bayaguana,18.7564,-69.6362,28.77,78,88,5.76,DO,1712608035
224,south hedland,-20.4089,118.5983,27.96,26,100,4.63,AU,1712608035
225,touros,-5.1989,-35.4608,26.01,88,100,3.44,BR,1712607924
226,kolobrzeg,54.1757,15.5834,13.31,68,100,3.61,PL,1712608036
227,manismata,-2.4667,111.0333,24.88,97,100,1.08,ID,1712608036
228,alofi,-19.0595,-169.9187,24.94,94,100,7.2,NU,1712607745
229,sitka,57.0531,-135.33,4.94,81,75,2.06,US,1712608036
230,papao,-17.75,-149.55,30.82,80,100,6.19,PF,1712608036
231,yaren,-0.5472,166.916,28.04,79,48,4.12,NR,1712608036
232,gaiman,-43.2897,-65.4929,20.26,23,96,12.03,AR,1712608036
233,port lincoln,-34.7333,135.8667,14.63,59,99,5.77,AU,1712608024
234,noumea,-22.2763,166.4572,26.67,99,0,3.51,NC,1712607725
235,broken hill,-31.95,141.4333,11.34,71,5,9.46,AU,1712607983
236,vryburg,-26.9566,24.7284,13.4,52,10,1.36,ZA,1712608037
237,crema,45.3588,9.6683,21.18,75,62,3.51,IT,1712608037
238,nagqu,31.5,92.0,-1.53,22,99,2.82,CN,1712607985
239,simrishamn,55.5565,14.3504,11.31,99,100,2.85,SE,1712608037
240,pokrov,55.92,39.1769,10.81,95,100,1.6,RU,1712608037
241,yinchuan,38.4681,106.2731,13.87,42,14,0.37,CN,1712608037
242,prainha,-1.8,-53.48,29.45,74,89,1.48,BR,1712608037
243,howard springs,-12.497,131.047,24.95,94,100,2.4,AU,1712607976
244,alice springs,-23.7,133.8833,17.34,46,100,4.63,AU,1712608038
245,aral,40.5156,81.2636,15.12,29,100,3.42,CN,1712608038
246,lihue,21.9789,-159.3672,25.58,65,40,6.17,US,1712607692
247,smithers,54.7804,-127.1743,6.18,70,100,2.57,CA,1712608038
248,baturaja,-4.1333,104.1667,23.73,99,100,0.99,ID,1712608038
249,tomohon,1.3346,124.8392,20.52,98,75,0.81,ID,1712608038
250,corinto,37.9407,22.9573,18.46,49,0,1.9,GR,1712607963
251,bengkulu,-3.8004,102.2655,25.02,93,97,1.74,ID,1712608038
252,hithadhoo,-0.6,73.0833,29.4,71,98,2.49,MV,1712607649
253,korla,41.7597,86.1469,12.77,42,0,0.54,CN,1712608039
254,tralee,52.2704,-9.7026,6.8,80,100,9.76,IE,1712608039
255,jalpan,21.2333,-99.4833,38.41,8,3,4.95,MX,1712607901
256,portland,45.5234,-122.6762,13.49,69,100,3.09,US,1712607917
257,ust'-kulom,61.6864,53.6902,-0.41,97,100,2.68,RU,1712608039
258,nishinoomote,30.7333,131.0,18.76,90,74,6.4,JP,1712607939
259,gereshk,31.8209,64.5701,24.69,11,98,2.89,AF,1712608039
260,chonchi,-42.6128,-73.8092,12.29,70,91,2.57,CL,1712607948
261,cachoeiro de itapemirim,-20.8489,-41.1128,24.31,91,97,1.55,BR,1712608040
262,port alfred,-33.5906,26.891,19.54,95,100,2.88,ZA,1712607919
263,morden,49.1919,-98.1014,10.79,53,100,1.54,CA,1712608040
264,vilyuysk,63.7553,121.6247,-21.11,100,84,1.79,RU,1712608040
265,'ain benian,36.8028,2.9219,20.03,75,98,1.88,DZ,1712608040
266,ruteng,-8.6136,120.4721,17.85,94,66,0.37,ID,1712608040
267,carnarvon,-24.8667,113.6333,26.29,31,0,8.39,AU,1712608040
268,menaka,15.9182,2.4022,34.51,8,13,3.87,ML,1712608040
269,nagykanizsa,46.4535,16.991,17.77,60,100,4.18,HU,1712608040
270,waingapu,-9.6567,120.2641,26.08,82,100,1.49,ID,1712607932
271,vilyuchinsk,52.9306,158.4028,3.29,98,93,0.19,RU,1712607949
272,yermentau,51.6214,73.1069,6.2,92,93,4.0,KZ,1712608041
273,phu kradueng,16.8843,101.8847,30.91,47,30,1.24,TH,1712608041
274,calvinia,-31.4707,19.776,12.86,75,94,3.03,ZA,1712608041
275,coronel suarez,-37.4547,-61.9334,25.98,36,3,6.98,AR,1712608041
276,arkhangel'sk,64.5401,40.5433,-0.94,80,100,2.0,RU,1712607844
277,carutapera,-1.195,-46.02,26.43,92,100,2.8,BR,1712607926
278,hobyo,5.3505,48.5268,28.93,78,100,6.09,SO,1712608041
279,bardoli,21.1167,73.1167,24.86,61,0,3.29,IN,1712608041
280,hilo,19.7297,-155.09,21.81,94,100,4.12,US,1712607776
281,sinop,41.7711,34.8709,8.16,78,100,0.94,TR,1712608023
282,curvelo,-18.7564,-44.4308,26.78,55,55,2.61,BR,1712607885
283,port isabel,26.0734,-97.2086,26.15,84,100,3.13,US,1712608042
284,arraial do cabo,-22.9661,-42.0278,25.98,83,0,4.63,BR,1712607972
285,mukher,18.7,77.3667,30.41,40,1,6.28,IN,1712608042
286,kailua-kona,19.6406,-155.9956,26.27,75,75,3.6,US,1712607775
287,kralendijk,12.15,-68.2667,30.99,66,40,10.29,BQ,1712607825
288,sisimiut,66.9395,-53.6735,-3.99,77,74,3.2,GL,1712608042
289,kuacjok,8.3002,27.9903,31.44,32,91,0.75,SS,1712608042
290,yelan',50.949,43.7378,12.6,70,0,3.2,RU,1712608043
291,mana,5.6592,-53.7767,28.45,67,63,4.66,GF,1712607744
292,naze,28.3667,129.4833,18.51,91,72,5.77,JP,1712608043
293,kuruman,-27.4524,23.4325,13.58,52,1,5.13,ZA,1712608043
294,al kharijah,25.4514,30.5464,21.52,19,0,1.61,EG,1712608043
295,muroto-misakicho,33.2833,134.15,17.55,98,100,5.22,JP,1712608043
296,mangai,-4.05,19.5333,22.13,96,92,1.23,CD,1712608043
297,boende,-0.2167,20.8667,21.71,95,40,1.5,CD,1712608043
298,kapchorwa,1.3965,34.4509,15.86,88,97,1.18,UG,1712608044
299,stephenville,32.2207,-98.2023,26.44,61,0,3.6,US,1712607957
300,quatre cocos,-20.2078,57.7625,25.05,87,17,1.71,MU,1712608044
301,san andres tuxtla,18.45,-95.2167,39.04,24,3,1.03,MX,1712607749
302,chiang rai,19.9167,99.9167,31.11,77,20,1.54,TH,1712608044
303,kargil,34.5667,76.1,-11.26,78,9,2.15,IN,1712608044
304,aracuai,-16.8497,-42.0703,28.29,55,70,3.14,BR,1712608044
305,mount gambier,-37.8333,140.7667,11.65,65,100,3.58,AU,1712607975
306,rockingham,42.9668,-71.0995,19.47,29,55,2.24,US,1712608045
307,papatowai,-46.5619,169.4708,12.72,93,100,3.74,NZ,1712608045
308,haiku-pauwela,20.9219,-156.3051,26.01,66,20,7.72,US,1712607967
309,pamandzi,-12.7967,45.2794,27.88,89,0,1.03,YT,1712608045
310,coahuayana de hidalgo,18.7,-103.6583,31.19,41,16,3.66,MX,1712607993
311,alegre,-20.7636,-41.5331,24.25,86,66,1.53,BR,1712607844
312,illizi,26.4833,8.4667,29.67,7,94,6.35,DZ,1712608045
313,ghanzi,-21.5667,21.7833,22.2,72,98,4.08,BW,1712608045
314,san jose,37.3394,-121.895,22.09,39,0,5.14,US,1712607731
315,palmas,-10.2128,-48.3603,28.93,79,20,0.51,BR,1712607783
316,daru,-9.0763,143.2092,26.78,85,100,0.93,PG,1712608026
317,gadzhiyevo,69.2551,33.3362,-3.63,94,100,6.89,RU,1712607973
318,labasa,-16.4167,179.3833,26.34,89,99,2.16,FJ,1712608046
319,choyr,46.3611,108.3611,4.7,58,97,3.64,MN,1712607987
320,poso,-1.3959,120.7524,26.06,83,100,1.55,ID,1712608046
321,labytnangi,66.6572,66.4183,-19.23,90,35,3.35,RU,1712608027
322,san pedro,14.35,121.0167,26.77,76,20,3.58,PH,1712608046
323,nyurba,63.2842,118.3319,-21.92,100,82,1.3,RU,1712608046
324,canutama,-6.5339,-64.3831,29.69,83,89,0.92,BR,1712607942
325,abu tij,27.0441,31.319,22.33,20,0,2.32,EG,1712608046
326,xilin hot,43.9667,116.0333,2.83,42,100,2.3,CN,1712608047
327,peace river,56.2501,-117.286,10.17,37,75,8.75,CA,1712607922
328,urangan,-25.3,152.9,21.78,98,100,4.02,AU,1712608047
329,atherton,53.5237,-2.4935,13.19,81,100,1.79,GB,1712608047
330,las khorey,11.1595,48.1967,28.79,71,16,3.71,SO,1712607925
331,sitia,35.2,26.0986,19.43,77,71,7.66,GR,1712608047
332,kargasok,59.0556,80.8572,-0.58,62,100,5.81,RU,1712608047
333,bamboo flat,11.7,92.7167,26.3,80,33,2.08,IN,1712607948
334,sungailiat,-1.85,106.1333,26.34,88,100,1.34,ID,1712608047
335,pataias,39.6698,-8.9958,12.55,71,3,8.43,PT,1712608047
336,ndola,-12.9587,28.6366,19.75,90,92,0.45,ZM,1712608048
337,nova vicosa,-17.8919,-39.3719,26.8,76,23,2.56,BR,1712607946
338,pizarro,4.9533,-77.366,28.06,83,100,4.46,CO,1712608048
339,harper,4.375,-7.7169,28.51,80,89,4.5,LR,1712608048
340,vorgashor,67.5833,63.95,-24.0,100,48,2.07,RU,1712607922
341,soc trang,9.6033,105.98,26.98,81,28,1.99,VN,1712608048
342,nemuro,43.3236,145.575,5.41,99,100,7.11,JP,1712607944
343,deniliquin,-35.5333,144.9667,11.89,68,94,5.09,AU,1712608048
344,international falls,48.6011,-93.411,5.08,93,100,2.06,US,1712608048
345,xining,36.6167,101.7667,5.1,59,100,0.87,CN,1712608048
346,bako,5.7833,36.5667,17.82,91,47,1.9,ET,1712608048
347,tvoroyri,61.5556,-6.8111,6.98,91,99,11.57,FO,1712608049
348,remire-montjoly,4.9167,-52.2667,31.02,66,20,5.66,GF,1712608039
349,jose maria morelos,23.3952,-103.8984,25.0,13,69,13.49,MX,1712608049
350,qamdo,31.1667,97.2333,-0.22,64,100,3.35,CN,1712608049
351,chibougamau,49.9168,-74.3659,8.79,23,0,2.06,CA,1712608049
352,orchard homes,46.8633,-114.0484,10.15,49,100,7.2,US,1712608049
353,vigan,17.5747,120.3869,26.66,77,28,5.47,PH,1712608049
354,grootfontein,-19.5667,18.1167,18.76,77,100,1.54,NA,1712608049
355,santarem,-2.4431,-54.7083,29.07,79,75,2.57,BR,1712607838
356,rawson,-43.3002,-65.1023,17.6,45,100,7.04,AR,1712607831
357,sola,-13.8833,167.55,27.64,75,30,6.72,VU,1712608050
358,grand falls-windsor,48.9332,-55.6649,0.28,72,40,1.79,CA,1712608050
359,ancud,-41.8697,-73.8203,12.26,58,28,5.45,CL,1712608050
360,walvis bay,-22.9575,14.5053,17.53,82,0,4.63,NA,1712608050
361,port saint john's,-31.6229,29.5448,20.72,88,89,2.37,ZA,1712608050
362,klyuchi,52.2667,79.1667,11.03,82,100,5.85,RU,1712607936
363,rengasdengklok,-6.1592,107.2981,26.72,84,100,1.89,ID,1712608050
364,yemva,62.59,50.8594,-5.03,97,96,2.44,RU,1712608050
365,tanjung pandan,-2.75,107.65,27.66,81,97,1.42,ID,1712608050
366,porto velho,-8.7619,-63.9039,32.03,66,40,1.54,BR,1712607794
367,zakynthos,37.7914,20.8953,14.68,64,0,5.77,GR,1712607948
368,ola,59.5833,151.2833,-2.7,90,100,5.07,RU,1712608039
369,fort st. john,56.2499,-120.8529,7.94,42,75,7.72,CA,1712608032
370,kununurra,-15.7667,128.7333,19.99,88,99,0.0,AU,1712608002
371,wattegama,6.7989,81.4808,23.0,87,78,1.26,LK,1712608051
372,fortaleza,-3.7227,-38.5247,30.6,91,100,2.06,BR,1712608051
373,penzance,50.1186,-5.5371,9.38,90,99,17.26,GB,1712608051
374,huarmey,-10.0681,-78.1522,25.24,75,65,4.68,PE,1712607967
375,moree,-29.4667,149.85,17.1,66,0,1.2,AU,1712608051
376,santa ana,33.7456,-117.8678,23.3,50,20,3.13,US,1712608051
377,tadine,-21.55,167.8833,24.56,84,35,5.7,NC,1712608052
378,sodankyla,67.4167,26.6,-1.28,99,100,1.23,FI,1712608052
379,runaway bay,18.4596,-77.3357,28.32,75,8,8.67,JM,1712608052
380,chasong,41.4608,126.6414,-3.07,51,0,1.82,KP,1712608052
381,chernyshevskiy,63.0128,112.4714,-25.37,100,78,0.91,RU,1712608052
382,felipe carrillo puerto,19.5833,-88.05,34.76,37,0,4.29,MX,1712608044
383,yakeshi,49.2833,120.7333,-15.06,90,11,1.53,CN,1712608052
384,manado,1.487,124.8455,25.43,94,40,1.03,ID,1712608052
385,monticello,45.3055,-93.7941,8.97,88,100,4.12,US,1712607785
386,hadibu,12.65,54.0333,26.94,79,99,2.22,YE,1712607928
387,kone,-21.0595,164.8658,23.96,86,20,1.88,NC,1712608000
388,santa terezinha,-29.9002,-50.0904,23.72,81,30,1.16,BR,1712608053
389,chunskiy,56.0815,99.6342,-2.96,77,12,2.47,RU,1712608053
390,vadso,70.0744,29.7487,-2.51,93,75,6.17,NO,1712607699
391,hami,42.8,93.45,13.32,24,69,1.01,CN,1712608053
392,manicore,-5.8092,-61.3003,27.72,89,100,0.5,BR,1712608053
393,grantsville,40.5999,-112.4644,10.41,59,0,3.6,US,1712608053
394,ketchikan,55.3422,-131.6461,5.19,87,100,5.66,US,1712607840
395,bougouni,11.417,-7.479,32.21,40,43,2.32,ML,1712608053
396,shibetsu,43.659,145.132,6.1,99,100,1.92,JP,1712608054
397,agat village,13.3886,144.6585,27.06,84,40,3.09,GU,1712608054
398,severo-yeniseyskiy,60.3725,93.0408,-9.68,95,100,2.24,RU,1712607982
399,sinjar,36.3209,41.8754,18.48,64,99,4.69,IQ,1712608054
400,pocone,-16.2567,-56.6228,29.95,67,100,2.08,BR,1712607779
401,rongelap,11.1635,166.8941,26.94,80,99,9.69,MH,1712608054
402,knysna,-34.0363,23.0471,17.71,94,91,1.61,ZA,1712608054
403,port douglas,-16.4833,145.4667,25.83,77,100,1.37,AU,1712608054
404,tumpat,6.1978,102.171,27.99,89,20,1.03,MY,1712608054
405,ciudad sabinas hidalgo,26.5,-100.1667,33.03,40,100,3.47,MX,1712608055
406,thunder bay,48.4001,-89.3168,3.99,93,100,6.69,CA,1712608055
407,huatabampo,26.8333,-109.6333,25.39,26,0,6.15,MX,1712608055
408,lubango,-14.9172,13.4925,16.92,94,100,2.57,AO,1712608055
409,kharp,66.8014,65.8081,-19.6,95,47,3.48,RU,1712608055
410,whangarei,-35.7317,174.3239,16.11,91,21,0.84,NZ,1712608055
411,susuman,62.7833,148.1667,-13.34,97,100,1.34,RU,1712608055
412,noosa heads,-26.3833,153.15,22.84,87,100,3.89,AU,1712607901
413,mount isa,-20.7333,139.5,17.87,59,51,3.6,AU,1712607932
414,tamanrasset,22.785,5.5228,25.95,11,0,2.06,DZ,1712608056
415,mazagao,-0.115,-51.2894,30.03,90,100,2.25,BR,1712608056
416,hawera,-39.5917,174.2833,16.24,81,2,5.68,NZ,1712608056
417,jodhpur,26.2867,73.03,29.25,12,89,1.48,IN,1712608056
418,zacualtipan,20.65,-98.6,31.27,22,1,2.84,MX,1712608056
419,qarazhal,48.0078,70.7903,5.81,74,23,3.58,KZ,1712608056
420,lahij,13.1667,44.5833,27.63,52,35,2.68,YE,1712608057
421,swakopmund,-22.6833,14.5333,17.47,88,2,4.72,NA,1712607999
422,hanzhong,33.0728,107.0303,14.98,53,100,1.21,CN,1712608057
423,san antonio de pale,-1.4014,5.6325,27.05,84,100,4.63,GQ,1712607762
424,djambala,-2.5447,14.7533,20.61,91,100,1.15,CG,1712608057
425,opuwo,-18.0607,13.84,20.91,39,15,2.48,NA,1712608057
426,juan griego,11.0817,-63.9655,29.48,61,100,6.49,VE,1712608058
427,battambang,13.1027,103.1982,28.31,71,3,2.33,KH,1712608058
428,leava,-14.3,-178.1667,29.21,79,81,4.81,WF,1712608031
429,malpica,43.3228,-8.8105,11.85,65,7,5.8,ES,1712608058
430,jiangyou,31.7667,104.7167,16.79,67,100,1.04,CN,1712608059
431,kashima-shi,35.9654,140.6447,17.72,99,100,3.07,JP,1712608059
432,khandyga,62.6667,135.6,-9.78,97,100,1.52,RU,1712608034
433,pisco,-13.7,-76.2167,24.03,78,0,3.6,PE,1712608037
434,suva,-18.1416,178.4415,25.71,94,75,1.54,FJ,1712607957
435,"laikit, laikit ii (dimembe)",1.4792,124.9735,23.47,94,40,1.03,ID,1712608060
436,guangming,45.3333,122.7833,-1.27,29,0,2.69,CN,1712608060
437,malvan,16.0667,73.4667,26.37,77,0,5.05,IN,1712608060
438,tual,-5.6667,132.75,25.68,92,100,6.79,ID,1712608060
439,alliance,40.9153,-81.1059,22.04,58,100,4.85,US,1712608060
440,antalaha,-14.9003,50.2788,24.71,88,66,3.1,MG,1712607919
441,salinopolis,-0.6136,-47.3561,27.2,86,100,3.93,BR,1712608060
442,derzhavinsk,51.1,66.3167,7.12,90,100,4.76,KZ,1712608060
443,kuandian,40.7286,124.7847,0.13,47,0,2.78,CN,1712608061
444,mahina,-17.5065,-149.489,30.87,70,75,2.06,PF,1712608061
445,zhezqazghan,47.7833,67.7667,9.51,69,100,5.93,KZ,1712608061
446,el granada,37.5027,-122.4694,22.16,68,0,7.2,US,1712607976
447,kimbe,-5.5502,150.1429,24.92,95,100,0.42,PG,1712608061
448,lubao,14.9167,120.55,25.84,78,100,0.64,PH,1712608061
449,starovelichkovskaya,45.4288,38.7326,15.64,60,1,4.64,RU,1712608061
450,terme,41.2092,36.9739,10.96,89,100,2.98,TR,1712608061
451,yelizovo,53.1873,158.3805,3.22,93,75,1.0,RU,1712607857
452,sault ste. marie,46.5168,-84.3333,11.9,47,0,6.17,CA,1712608061
453,geraldton,-28.7667,114.6,23.23,33,50,9.77,AU,1712608062
454,acapulco de juarez,16.8634,-99.8901,27.9,78,0,4.63,MX,1712608012
455,urcos,-13.6861,-71.6228,22.94,63,97,2.9,PE,1712608062
456,pantabangan,15.8113,121.1443,22.32,93,87,2.11,PH,1712608062
457,tura,25.5198,90.2201,22.39,38,22,1.06,IN,1712608062
458,keflavik,64.0049,-22.5624,2.95,69,0,7.72,IS,1712607942
459,cole harbour,44.6724,-63.4751,13.31,35,20,3.6,CA,1712608062
460,saint-pierre,-21.3393,55.4781,23.82,73,0,2.57,RE,1712608062
461,takoradi,4.8845,-1.7554,28.22,82,74,4.4,GH,1712608062
462,verkhov'ye,52.8119,37.2425,12.52,76,100,2.85,RU,1712607856
463,codrington,-38.2667,141.9667,12.84,61,100,7.53,AU,1712608063
464,tolanaro,-25.0319,46.9987,22.04,88,75,2.06,MG,1712607943
465,san martin,-33.081,-68.4681,29.3,28,0,3.3,AR,1712608063
466,yangiobod,41.1192,70.0941,9.03,52,100,2.04,UZ,1712608063
467,kholmsk,47.0511,142.0569,-0.77,63,44,6.49,RU,1712607943
468,hashtpar,37.8008,48.9037,12.3,85,98,0.91,IR,1712608063
469,reo,12.3167,-2.4667,36.89,22,84,4.71,BF,1712608063
470,ulety,51.3572,112.4849,3.82,83,100,1.67,RU,1712608063
471,neustadt an der aisch,49.5833,10.6,21.91,43,20,2.06,DE,1712608063
472,lensk,60.7253,114.9278,-4.93,97,100,1.8,RU,1712608064
473,ilovlya,49.3033,43.9796,15.55,53,100,3.55,RU,1712608064
474,kapa'a,22.0752,-159.319,25.99,72,40,6.17,US,1712608064
475,gandajika,-6.75,23.95,20.31,96,99,0.29,CD,1712608064
476,laojunmiao,39.8333,97.7333,6.19,17,100,2.59,CN,1712608064
477,yanam,16.7333,82.2167,25.38,93,0,1.46,IN,1712608064
478,brokopondo,4.75,-55.1667,33.68,47,9,6.44,SR,1712608064
479,zemio,5.0314,25.1361,23.1,66,11,0.82,CF,1712608064
480,kemin,42.7846,75.6892,10.71,51,44,2.42,KG,1712608064
481,lianzhou,24.7811,112.3825,13.82,95,4,1.33,CN,1712608065
482,colonia,50.9333,6.95,19.9,69,69,1.8,DE,1712607912
483,kapit,2.0167,112.9333,23.84,99,98,0.71,MY,1712607923
484,acarau,-2.8856,-40.12,27.82,82,100,3.61,BR,1712608065
485,amasra,41.7463,32.3863,10.55,86,8,1.88,TR,1712608065
486,svetlyy,54.675,20.1347,17.98,89,100,2.85,RU,1712608065
487,selfoss,63.9331,-20.9971,1.69,58,100,8.62,IS,1712608065
488,lorengau,-2.0226,147.2712,27.9,80,100,3.5,PG,1712607773
489,anta,25.15,76.3,30.69,9,20,2.54,IN,1712608065
490,karaidel',55.8337,56.9069,2.72,98,100,4.97,RU,1712608065
491,katsina-ala,7.1667,9.2833,28.26,68,100,4.23,NG,1712608066
492,muli,2.9167,73.5667,28.85,71,78,0.28,MV,1712608066
493,linhares,-19.3911,-40.0722,25.88,77,100,3.02,BR,1712608066
494,fisterra,42.9049,-9.2629,10.97,60,3,9.89,ES,1712608066
495,bonthe,7.5264,-12.505,27.28,77,16,3.86,SL,1712607923
496,tofol,5.3248,163.0078,25.81,84,100,8.66,FM,1712608066
497,uturoa,-16.7333,-151.4333,29.19,77,86,6.18,PF,1712608066
498,sierakowice,54.3461,17.8925,16.16,82,44,2.92,PL,1712608066
499,sangola,17.4333,75.2,31.05,22,0,6.57,IN,1712608067
500,tottori,35.5,134.2333,11.21,95,100,9.78,JP,1712608045
501,muynoq,43.7683,59.0214,12.26,52,0,2.86,UZ,1712608067
502,chatillon-sur-seine,47.8585,4.5738,16.03,92,100,0.86,FR,1712608067
503,conchas,-23.0153,-48.0106,23.03,76,100,2.46,BR,1712608067
504,pokhara,28.2333,83.9833,17.57,16,0,3.51,NP,1712607880
505,fortuna,40.5982,-124.1573,14.96,71,0,7.2,US,1712607924
506,nicoya,10.1483,-85.452,35.03,40,87,3.68,CR,1712608012
507,anahuac,27.2333,-100.15,31.94,46,100,6.66,MX,1712608067
508,kachia,9.8667,7.95,32.3,32,100,3.9,NG,1712607797
509,shakiso,5.75,38.9167,16.13,97,72,1.53,ET,1712608067
510,nichinan,31.6,131.3667,15.82,97,100,0.32,JP,1712608068
511,kuta,-8.7233,115.1723,26.97,94,20,1.54,ID,1712608068
512,tezu,27.9167,96.1667,21.37,53,99,2.01,IN,1712608068
513,sokoni,-6.4333,39.55,25.93,86,100,3.78,TZ,1712608068
514,tanout,14.9709,8.8879,32.14,11,100,3.81,NE,1712608068
515,new norfolk,-42.7826,147.0587,6.51,86,2,1.26,AU,1712608068
516,langsa,4.4683,97.9683,24.91,89,77,0.53,ID,1712608068
517,sittwe,20.15,92.9,27.21,58,1,2.44,MM,1712608068
518,pulwama,33.874,74.8996,9.1,39,0,1.26,IN,1712608068
519,nizhnyaya salda,58.0776,60.7202,1.18,93,100,4.05,RU,1712608068
520,souillac,-20.5167,57.5167,24.21,94,40,2.06,MU,1712608069
521,abatskoye,56.2875,70.4555,1.82,97,100,2.95,RU,1712608069
522,husainabad,24.5333,84.0167,24.31,47,58,5.59,IN,1712608069
523,itaituba,-4.2761,-55.9836,27.09,89,40,1.03,BR,1712608058
524,hirara,24.8,125.2833,21.15,94,100,7.2,JP,1712608069
525,east london,-33.0153,27.9116,20.55,83,90,3.93,ZA,1712608069
526,el puerto de santa maria,36.5939,-6.233,17.36,71,20,4.63,ES,1712608069
527,galliano,29.4422,-90.2992,25.56,73,100,3.09,US,1712607988
528,valenca,-13.3703,-39.0731,24.92,96,24,1.61,BR,1712608067
529,luoyang,34.6836,112.4536,14.67,59,100,1.42,CN,1712608069
530,lluta,-16.0147,-72.0142,12.57,73,98,3.76,PE,1712608069
531,carlisle,40.2015,-77.1889,19.52,39,86,0.89,US,1712608041
532,binji,13.2228,4.9096,34.0,9,75,3.3,NG,1712608070
533,ciudad melchor muzquiz,27.8833,-101.5167,29.66,34,100,3.41,MX,1712608070
534,timmins,48.4669,-81.3331,13.9,28,75,2.06,CA,1712607841
535,ca mau,9.1769,105.15,26.54,81,79,0.92,VN,1712608070
536,zholymbet,51.7433,71.7122,7.27,95,100,5.43,KZ,1712608070
537,yorkton,51.2167,-102.4677,8.91,61,0,3.09,CA,1712608070
538,inhambane,-23.865,35.3833,23.12,83,100,2.48,MZ,1712607990
539,al jawf,29.5,38.75,21.78,20,0,2.82,SA,1712608033
540,eislingen,48.6951,9.7068,19.24,79,44,1.8,DE,1712608070
541,mutuali,-14.8706,37.0044,21.41,93,76,0.89,MZ,1712608071
542,riohacha,11.5444,-72.9072,31.06,79,20,6.17,CO,1712608071
543,ellsworth,44.5434,-68.4195,17.29,57,0,5.66,US,1712608071
544,nova sintra,14.8667,-24.7167,23.51,75,0,6.19,CV,1712607694
545,cerro de ortega,18.75,-103.7667,29.67,47,15,3.74,MX,1712608071
546,ceerigaabo,10.6162,47.368,21.56,41,9,3.52,SO,1712607902
547,tazacorte,28.629,-17.9293,19.54,89,20,9.26,ES,1712608071
548,okha,53.5739,142.9478,-8.19,98,53,2.24,RU,1712608071
549,mugia,43.1041,-9.2179,11.06,62,3,8.9,ES,1712607759
550,pingliang,35.5392,106.6861,10.61,71,100,0.94,CN,1712607998
551,mangrol,21.1167,70.1167,25.64,80,0,5.48,IN,1712608072
552,mount pearl,47.5166,-52.7813,-0.48,93,100,9.26,CA,1712607966
553,chui,-33.6971,-53.4616,22.27,83,58,4.06,UY,1712608072
554,faya-largeau,17.9257,19.1043,27.99,9,0,5.7,TD,1712607979
555,mitchell,43.7094,-98.0298,5.99,81,100,7.2,US,1712607783
556,lander,42.833,-108.7307,9.89,34,0,4.12,US,1712608072
557,rakvere,59.3464,26.3558,9.73,81,99,3.45,EE,1712608072
558,khandud,36.9513,72.318,-7.44,67,75,1.72,AF,1712608072
559,vigliano biellese,45.5645,8.1045,19.49,77,92,1.44,IT,1712608072
560,velika gorica,45.7125,16.0756,21.21,66,0,1.54,HR,1712608073
561,magadan,59.5667,150.8,-3.04,96,100,4.22,RU,1712607935
562,pitimbu,-7.4706,-34.8086,29.33,73,98,3.87,BR,1712608073
563,hashtrud,37.4779,47.0508,8.67,77,91,2.79,IR,1712608073
564,macapa,0.0389,-51.0664,29.99,74,20,3.6,BR,1712608073
565,antsiranana,-12.2787,49.2917,26.04,83,81,5.74,MG,1712608073
566,susangerd,31.5608,48.1831,26.94,40,100,3.02,IR,1712608073
567,bukama,-9.2,25.85,22.34,97,95,0.51,CD,1712608073
568,lesogorsk,56.0458,99.5136,-2.82,77,12,0.45,RU,1712608073
569,galax,36.6612,-80.924,20.05,58,100,1.79,US,1712608074
570,smirnykh,49.75,142.8333,-2.52,79,87,4.9,RU,1712608074
571,beloit,42.5084,-89.0318,18.56,52,20,6.17,US,1712608074
572,pirallahi,40.4723,50.333,11.08,73,88,3.4,AZ,1712608074
573,santa cruz,-17.8,-63.1667,30.03,66,75,7.72,BO,1712607961
574,sierra grande,-41.606,-65.3557,21.24,35,97,8.25,AR,1712608074
575,kayangel,8.0823,134.7173,27.96,76,94,6.52,PW,1712608074
576,yavuzeli,37.3177,37.5682,12.76,88,100,6.06,TR,1712608074
577,preobrazheniye,42.9019,133.9064,-1.09,42,16,2.36,RU,1712608074
